{"count":1,"self":21.3088704,"total":34.422677,"children":{"InitializeActuators":{"count":1,"self":0.0012779999999999998,"total":0.0012779999999999998,"children":null},"InitializeSensors":{"count":1,"self":0.0011819999999999999,"total":0.0011819999999999999,"children":null},"AgentSendState":{"count":2190,"self":0.011682,"total":0.059802999999999995,"children":{"CollectObservations":{"count":440,"self":0.009476,"total":0.009476,"children":null},"WriteActionMask":{"count":440,"self":0.00092899999999999992,"total":0.00092899999999999992,"children":null},"RequestDecision":{"count":440,"self":0.004252,"total":0.037716,"children":{"AgentInfo.ToProto":{"count":440,"self":0.0038989999999999997,"total":0.033464,"children":{"GenerateSensorData":{"count":440,"self":0.029564999999999998,"total":0.029564999999999998,"children":null}}}}}}},"DecideAction":{"count":2190,"self":12.9909872,"total":12.990986999999999,"children":null},"AgentAct":{"count":2190,"self":0.058655,"total":0.05869,"children":{"AgentInfo.ToProto":{"count":1,"self":9E-06,"total":3.5E-05,"children":{"GenerateSensorData":{"count":1,"self":2.6E-05,"total":2.6E-05,"children":null}}}}}},"gauges":{"RobotAgent.CumulativeReward":{"count":1,"max":-454.742523,"min":-454.742523,"runningAverage":-454.742523,"value":-454.742523,"weightedAverage":-454.742523}},"metadata":{"timer_format_version":"0.1.0","start_time_seconds":"1761706584","unity_version":"2020.3.16f1","command_line_arguments":"\/home\/jessica\/shape_control_DLO_2\/env_dlo\/env_3D.x86_64 --mlagents-port 5005","communication_protocol_version":"1.5.0","com.unity.ml-agents_version":"2.1.0-exp.1","scene_name":"rod_0_3D","end_time_seconds":"1761706618"}}